start,,,
right,left,lighting led pin,
883.01,3109.06,0,0
898.32,3092.94,0,242
895.9,3099.39,0,131350
897.51,3092.94,0,262340
965.19,3212.18,0,393336
902.34,3092.94,0,524340
895.9,3063.94,0,655336
889.45,3076.83,0,786340
889.45,3086.5,0,917356
886.23,3092.94,0,1048380
879.79,3107.45,0,1186544
893.48,3080.05,0,1317360
902.34,3092.94,0,1448326
892.68,3092.94,0,1579286
888.65,3092.94,0,1710271
882.2,3099.39,0,1841307
883.01,3112.28,0,1972336
889.45,3092.94,0,2109833
878.17,3086.5,0,2240282
883.01,3092.94,0,2378172
890.26,3101.81,0,2509326
880.59,3099.39,0,2640329
884.62,3092.94,0,2771316
884.62,3092.14,0,2902411
866.89,3089.72,0,3033377
873.34,3067.16,0,3164445
882.2,3067.16,0,3295336
871.73,3054.27,0,3426392
882.2,3059.11,0,3557336
883.01,3047.83,0,3688320
876.56,3041.38,0,3819293
881.4,3060.72,0,3950360
876.56,3054.27,0,4081346
878.17,3047.83,0,4212307
886.23,3041.38,0,4343346
883.01,3055.88,0,4469422
883.01,3060.72,0,4600283
884.62,3034.94,0,4731349
891.06,3033.33,0,4870201
892.68,3028.49,0,5001349
880.59,3067.16,0,5141947
887.04,3052.66,0,5272296
887.04,3047.83,0,5403306
889.45,3038.16,0,5534319
889.45,3041.38,0,5665295
894.29,3022.05,0,5796296
891.06,3034.94,0,5927348
894.29,3054.27,0,6058390
889.45,3009.16,0,6189337
889.45,3028.49,0,6320296
890.26,3031.71,0,6451317
889.45,3041.38,0,6582297
880.59,3034.94,0,6719682
877.37,3031.71,0,6850319
889.45,3009.16,0,6981295
895.9,3031.71,0,7112296
889.45,3028.49,0,7243295
895.09,3025.27,0,7374296
890.26,3041.38,0,7505295
891.06,3059.11,0,7636296
899.12,3054.27,2,7767295
890.26,3047.83,2,7898296
895.9,3047.83,2,8029337
883.01,3022.05,2,8160296
863.67,3004.32,2,8291295
863.67,2970.48,2,8422349
863.67,2964.04,2,8553317
864.48,2957.59,2,8684348
863.67,2957.59,2,8815283
870.12,2931.81,2,8946359
852.39,2951.15,2,9083829
850.78,2951.15,2,9214296
852.39,2947.92,2,9345348
873.34,2957.59,2,9476285
864.48,2954.37,2,9607337
870.92,2944.7,2,9738296
876.56,2954.37,2,9869348
876.56,2957.59,2,10000296
887.04,2957.59,2,10131348
878.98,2964.04,2,10262349
883.81,2938.26,0,10393283
883.81,2957.59,0,10524297
865.28,3051.05,0,10655366
913.62,3047.83,0,10786305
928.12,3054.27,0,10917306
912.01,3133.23,0,11048368
902.34,3105.83,0,11179347
978.08,3144.51,0,11316754
904.76,3030.1,0,11454568
878.17,3080.05,0,11585296
890.26,3080.05,0,11716306
903.96,3081.67,0,11847296
899.12,3073.61,0,11978337
904.76,3089.72,0,12109338
917.65,3092.94,0,12240389
902.34,3117.11,0,12378096
915.23,3092.94,0,12509348
900.73,3092.94,0,12640319
915.23,3092.94,0,12771295
907.18,3086.5,0,12902319
904.76,3105.83,1,13033317
902.34,3118.73,1,13164297
895.9,3076.83,1,13295306
890.26,3073.61,1,13426349
891.87,3083.28,1,13563854
896.7,3067.16,1,13694359
902.34,3060.72,1,13825357
907.18,3081.67,1,13956349
884.62,3086.5,1,14087283
890.26,3076.83,1,14218349
889.45,3067.16,1,14349358
889.45,3067.16,1,14480296
886.23,3105.83,1,14611348
902.34,3091.33,1,14742306
881.4,3092.94,1,14873348
889.45,3076.83,1,15004349
902.34,3067.16,1,15135337
903.96,3081.67,1,15273615
902.34,3092.94,1,15404337
892.68,3080.05,1,15535349
890.26,3054.27,0,15675365
889.45,3075.22,0,15812752
887.84,3099.39,0,15943306
889.45,3073.61,0,16074409
889.45,3112.28,0,16205358
885.42,3092.94,0,16336349
894.29,3081.67,0,16467367
890.26,3089.72,0,16598349
893.48,3086.5,0,16729317
892.68,3092.94,0,16860349
891.06,3092.94,0,16991367
884.62,3092.94,0,17122349
892.68,3085.69,0,17253295
892.68,3083.28,0,17384296
895.9,3067.16,0,17515367
889.45,3086.5,0,17646348
903.15,3110.67,0,17777366
889.45,3104.22,0,17908306
912.01,3092.94,0,18045753
902.34,3076.83,0,18176348
889.45,3089.72,1,18307347
883.81,3083.28,1,18438297
889.45,3080.05,1,18569337
891.06,3060.72,1,18700348
889.45,3054.27,1,18831337
886.23,3047.83,1,18962285
883.81,3031.71,1,19093337
889.45,3028.49,1,19224349
889.45,3063.94,1,19355348
884.62,3047.83,1,19486349
878.98,3041.38,1,19617295
887.04,3041.38,1,19748349
890.26,3041.38,1,19879337
881.4,3063.94,1,20010349
890.26,3057.5,1,20141366
887.04,3057.5,1,20278822
891.87,3044.6,1,20409420
887.84,3055.88,1,20540349
885.42,3057.5,1,20671348
887.04,3060.72,1,20802349
889.45,3080.05,2,20933295
881.4,3073.61,2,21064349
878.17,3047.83,2,21195408
858.84,3004.32,2,21326409
863.67,3020.43,2,21457358
854.81,2989.82,2,21588349
862.06,2996.26,2,21726511
857.23,3001.9,2,21857296
851.59,3002.71,2,21988295
864.48,3002.71,2,22119319
859.64,3002.71,2,22257225
868.51,2996.26,2,22388296
862.06,2999.49,2,22519348
869.31,3002.71,2,22645445
863.67,2986.6,2,22776408
863.67,2996.26,2,22907368
870.12,2989.82,2,23038348
866.89,2999.49,2,23169349
874.15,2989.82,2,23300347
864.48,2999.49,2,23431409
864.48,2986.6,0,23562348
860.45,2964.04,0,23693319
863.67,3031.71,0,23824408
919.26,3060.72,0,23955296
903.96,3065.55,0,24086420
899.12,3080.05,0,24217379
903.15,3067.16,0,24348420
899.12,3060.72,0,24479319
902.34,3054.27,0,24610420
900.73,3066.36,0,24741421
892.68,3070.39,0,24878854
896.7,3067.16,0,25009349
896.7,3089.72,0,25140306
895.9,3055.88,0,25271421
905.57,3057.5,0,25402420
897.51,3076.83,0,25533409
892.68,3070.39,0,25671864
889.45,3091.33,0,25802359
889.45,3086.5,0,25933367
903.15,3041.38,0,26064349
898.32,3086.5,2,26204235
891.87,3092.94,2,26335359
895.9,3059.11,2,26466317
870.92,2983.37,2,26597349
868.51,2983.37,2,26728295
860.45,2996.26,2,26859296
868.51,2989.82,2,26990306
878.17,2996.26,2,27145124
869.31,2989.82,2,27280322
873.34,2989.82,2,27411303
869.31,2983.37,2,27542350
868.51,2970.48,2,27673282
873.34,2980.15,2,27804350
880.59,2975.32,2,27935346
876.56,2980.15,2,28066350
866.89,2976.93,2,28197282
870.92,2973.71,2,28328350
876.56,2986.6,2,28459336
881.4,2983.37,2,28590329
883.81,3002.71,2,28721294
876.56,2978.54,1,28852297
887.04,2969.68,1,28983407
903.96,3055.88,1,29114360
907.18,3076.83,1,29245388
913.62,3080.05,1,29382755
935.38,3012.38,1,29513294
950.68,3031.71,1,29644360
918.46,3034.94,1,29775294
907.18,3015.6,1,29906369
900.73,3031.71,1,30037356
889.45,3047.83,1,30168360
900.73,3031.71,1,30299347
896.7,3022.05,1,30430298
894.29,3030.1,1,30561294
894.29,3028.49,1,30692308
887.04,3028.49,1,30823419
889.45,3028.49,1,30954445
891.06,3025.27,1,31085419
903.15,2982.57,1,31216360
896.7,2996.26,1,31347346
902.34,3012.38,0,31478422
881.4,3030.1,0,31615773
868.51,3057.5,0,31746410
881.4,3041.38,0,31877407
887.04,3041.38,0,32015696
889.45,3015.6,0,32153356
894.29,3034.94,0,32284350
892.68,3041.38,0,32415282
891.06,3041.38,0,32546298
888.65,3051.05,0,32677346
876.56,3041.38,0,32808349
953.91,3144.51,0,32939294
890.26,3047.83,0,33070350
889.45,3056.69,0,33201407
889.45,3041.38,0,33332350
873.34,3054.27,0,33463282
876.56,3053.47,0,33594350
889.45,3030.1,0,33725294
892.68,3013.99,0,33862833
889.45,3041.38,0,33993346
882.2,3057.5,1,34124434
884.62,3038.16,1,34255357
876.56,3028.49,1,34386360
889.45,3009.16,1,34517347
889.45,3009.16,1,34648422
880.59,3005.93,1,34779347
878.98,3004.32,1,34910422
891.06,3012.38,1,35041346
889.45,2978.54,1,35172350
881.4,2976.93,1,35303419
876.56,2999.49,1,35434422
883.01,2989.82,1,35565407
889.45,3015.6,1,35696360
889.45,2983.37,1,35827407
889.45,3002.71,1,35958422
891.06,2996.26,1,36103840
886.23,3015.6,1,36234297
889.45,3002.71,1,36364346
891.06,2989.82,1,36495350
891.06,3002.71,1,36626336
,,,
start,,,
right,left,lighting led pin,
889.45,2999.49,0,0
876.56,3044.6,0,233
878.17,3018.82,0,130740
916.85,3055.88,0,261706
880.59,3009.16,0,391767
870.12,3012.38,0,522770
876.56,3002.71,0,653702
863.67,3009.16,0,783760
870.92,3001.1,0,914767
876.56,3009.16,0,1045800
868.51,2989.82,0,1176839
877.37,3004.32,0,1307831
870.12,3009.16,0,1445309
877.37,3002.71,0,1575789
877.37,2996.26,0,1706839
872.53,3005.93,0,1837843
877.37,3009.16,0,1968827
886.23,2989.82,0,2099842
874.95,3004.32,0,2230786
878.17,3015.6,0,2361812
876.56,3015.6,0,2492827
882.2,3015.6,0,2623812
878.98,3015.6,0,2754776
887.84,3018.82,0,2885830
887.84,3004.32,0,3016767
886.23,3022.05,0,3147770
881.4,3028.49,0,3278827
889.45,3041.38,0,3409831
892.68,3009.16,0,3540767
892.68,3015.6,0,3678369
884.62,2996.26,0,3808808
883.01,3013.99,0,3939801
877.37,3028.49,0,4070808
886.23,3009.16,0,4201812
880.59,3015.6,0,4332808
893.48,3031.71,0,4463812
891.87,3002.71,0,4594827
896.7,2996.26,0,4725812
886.23,3022.05,0,4856808
902.34,3025.27,0,4987800
895.9,3022.05,0,5125542
889.45,3022.05,0,5262979
876.56,3030.1,0,5393702
881.4,3022.05,0,5523718
891.06,3002.71,0,5653702
887.84,3015.6,0,5783706
886.23,3034.94,0,5913714
899.12,3015.6,0,6050162
889.45,3012.38,0,6180785
889.45,3015.6,0,6311718
887.84,3028.49,0,6441767
885.42,3031.71,0,6572718
889.45,3039.77,0,6703714
889.45,3018.82,0,6833718
889.45,3002.71,0,6963714
876.56,3018.82,0,7093718
881.4,3015.6,0,7223785
884.62,3025.27,0,7354770
884.62,3022.05,0,7485786
884.62,3009.16,0,7616717
881.4,3015.6,2,7746767
876.56,3012.38,2,7877718
876.56,3015.6,2,8007766
850.78,2938.26,2,8138780
848.36,2902.81,2,8269714
845.95,2886.69,2,8406243
849.17,2886.69,2,8536714
841.92,2883.47,2,8666770
845.95,2886.69,2,8797785
841.11,2912.48,2,8928770
848.36,2912.48,2,9059767
842.72,2906.03,2,9190770
853.2,2886.69,2,9321714
854,2883.47,2,9459770
860.45,2886.69,2,9590714
850.78,2886.69,2,9720770
864.48,2910.86,2,9851714
866.89,2912.48,2,9981718
869.31,2886.69,2,10111714
855.62,2926.98,2,10250493
862.06,2880.25,0,10380714
850.78,2912.48,0,10510706
889.45,2918.92,0,10647136
890.26,2938.26,0,10777780
894.29,2944.7,0,10908714
902.34,2957.59,0,11038740
894.29,2964.04,0,11169767
902.34,2944.7,0,11300780
902.34,2976.93,0,11431766
899.93,2980.15,0,11562718
893.48,2978.54,0,11693714
902.34,2970.48,0,11823780
899.93,2976.93,0,11954714
899.93,2978.54,0,12084780
912.01,2973.71,0,12215736
911.21,2989.82,0,12345780
903.96,2996.26,0,12476714
902.34,2989.82,0,12606770
894.29,2989.82,0,12737714
904.76,2970.48,0,12874265
905.57,2976.93,1,13004767
893.48,2964.04,1,13135771
893.48,2989.82,1,13266714
894.29,2976.93,1,13396831
902.34,2973.71,1,13527827
899.12,2954.37,1,13658770
897.51,2964.04,1,13789766
893.48,2964.04,1,13920831
887.04,2968.87,1,14051827
889.45,2973.71,1,14182770
887.84,2951.15,1,14313767
889.45,2944.7,1,14444770
889.45,2964.04,1,14575827
892.68,2960.82,1,14706717
893.48,2979.35,1,14836827
897.51,2986.6,1,14974517
893.48,2960.82,1,15111240
902.34,2976.93,1,15241727
899.12,2964.04,1,15379850
898.32,2975.32,1,15510780
905.57,3001.1,0,15641777
905.57,2951.15,0,15772781
887.04,3015.6,0,15903786
880.59,3009.16,0,16034780
894.29,3005.93,0,16165786
894.29,3001.1,0,16296770
892.68,3005.93,0,16427714
886.23,3002.71,0,16557842
893.48,3003.52,0,16688725
964.38,3067.16,0,16818800
896.7,3001.1,0,16949827
884.62,3005.93,0,17080842
886.23,3015.6,0,17211714
889.45,3005.93,0,17348335
876.56,3002.71,0,17478766
896.7,3004.32,0,17609770
891.06,2999.49,0,17740785
889.45,2996.26,0,17871770
899.12,3015.6,0,18002797
891.06,3025.27,0,18133789
889.45,3009.16,1,18264767
903.15,3004.32,1,18395771
887.84,3002.71,1,18526785
899.93,2999.49,1,18657727
894.29,2999.49,1,18787766
891.87,2999.49,1,18918780
889.45,2980.15,1,19049767
899.93,2970.48,1,19180789
889.45,2973.71,1,19311786
889.45,2983.37,1,19442718
887.84,2983.37,1,19579261
888.65,2980.15,1,19709750
887.84,2954.37,1,19847861
891.06,2964.04,1,19978780
886.23,2981.76,1,20109777
870.92,3002.71,1,20240727
878.17,3004.32,1,20370736
891.06,2989.82,1,20500727
903.96,2989.82,1,20630724
903.96,3002.71,1,20769800
887.84,3002.71,2,20900714
887.04,2999.49,2,21030781
889.45,2986.6,2,21161808
851.59,2947.92,2,21292780
858.84,2926.98,2,21423766
851.59,2923.75,2,21554780
850.78,2886.69,2,21685714
858.84,2886.69,2,21822208
847.56,2912.48,2,21952785
850.78,2886.69,2,22083741
857.23,2938.26,2,22213786
858.84,2944.7,2,22343770
848.36,2947.92,2,22473766
858.03,2938.26,2,22603770
858.84,2931.81,2,22733766
862.87,2904.42,2,22863718
850.78,2941.48,2,22993767
861.25,2947.92,2,23123770
863.67,2928.59,2,23253797
876.56,2922.14,2,23384706
868.51,2925.37,0,23514767
873.34,2886.69,0,23644843
881.4,2925.37,0,23775777
889.45,2980.15,0,23905770
903.15,3004.32,0,24035766
907.18,2976.93,0,24172253
900.73,3015.6,0,24302839
902.34,2989.82,0,24433780
895.9,3015.6,0,24563777
961.16,3089.72,0,24700780
899.12,3026.88,0,24830777
896.7,3028.49,0,24960780
887.84,3047.83,0,25090766
889.45,3026.88,0,25220842
889.45,3020.43,0,25351797
894.29,3012.38,0,25490812
910.4,3015.6,0,25621766
889.45,3025.27,0,25751727
889.45,3028.49,0,25881786
897.51,3013.99,0,26011780
897.51,3034.94,2,26141839
889.45,3038.16,2,26272727
889.45,2938.26,2,26433599
870.12,2931.81,2,26568833
863.67,2922.14,2,26699777
853.2,2930.2,2,26830831
848.36,2938.26,2,26961766
853.2,2931.81,2,27092770
853.2,2883.47,2,27223827
858.84,2909.25,2,27354770
855.62,2912.48,2,27485777
863.67,2904.42,2,27616789
843.53,2943.9,2,27747767
858.84,2918.92,2,27878830
863.67,2912.48,2,28009767
863.67,2912.48,2,28140831
876.56,2912.48,2,28271839
871.73,2910.86,2,28402831
871.73,2912.48,2,28533767
874.15,2912.48,2,28671244
881.4,2905.22,1,28801714
884.62,2923.75,1,28932760
871.73,2969.68,1,29063827
910.4,2954.37,1,29194843
906.37,2931.81,1,29325786
902.34,2982.57,1,29456800
906.37,2970.48,1,29587714
953.91,3067.16,1,29718780
912.01,2980.15,1,29849725
905.57,2969.68,1,29980780
891.87,2941.48,1,30111767
902.34,2981.76,1,30250127
894.29,2983.37,1,30380767
889.45,2964.04,1,30511780
892.68,2968.87,1,30642736
894.29,2973.71,1,30773780
893.48,2973.71,1,30911296
893.48,2964.04,1,31041770
889.45,2960.82,1,31172767
898.32,2970.48,1,31327025
891.87,2964.04,0,31457839
902.34,2976.93,0,31588812
883.01,2999.49,0,31719767
895.9,3009.16,0,31850770
894.29,2986.6,0,31981777
889.45,3009.16,0,32112830
892.68,3004.32,0,32243827
887.84,3002.71,0,32374727
891.06,2983.37,0,32505839
891.06,2976.93,0,32636770
894.29,2986.6,0,32767839
891.06,3009.16,0,32898842
897.51,3001.1,0,33029850
913.62,3014.79,0,33167253
891.87,3067.16,0,33297827
887.84,3086.5,0,33428780
880.59,3092.94,0,33559839
889.45,3105.83,0,33690854
887.04,3105.83,0,33821777
878.98,3092.94,0,33952842
889.45,3092.94,1,34083839
876.56,3091.33,1,34214843
881.4,3089.72,1,34345827
889.45,3080.05,1,34483750
899.93,3038.16,1,34614839
896.7,3054.27,1,34745727
902.34,3073.61,1,34876714
889.45,3057.5,1,35007780
888.65,3057.5,1,35138776
887.04,3073.61,1,35269842
889.45,3073.61,1,35407249
885.42,3081.67,1,35545789
880.59,3057.5,1,35676767
889.45,3060.72,1,35807830
876.56,3073.61,1,35938827
883.81,3083.28,1,36069831
887.04,3073.61,1,36200827
889.45,3057.5,1,36331831
889.45,3081.67,1,36462827
876.56,3073.61,1,36593831
,,,
start,,,
right,left,lighting led pin,
866.09,3105.83,0,0
884.62,3076.83,0,233
941.82,3189.62,0,130626
878.17,3092.94,0,261566
879.79,3092.94,0,392635
881.4,3099.39,0,523626
886.23,3060.72,0,661137
876.56,3080.05,0,791626
876.56,3092.94,0,922634
879.79,3092.94,0,1053626
881.4,3076.83,0,1184562
883.81,3076.83,0,1315626
876.56,3073.61,0,1446635
876.56,3089.72,0,1577638
878.98,3076.83,0,1708572
883.81,3067.16,0,1839626
876.56,3092.94,0,1970572
884.62,3076.83,0,2101626
876.56,3080.05,0,2232634
877.37,3041.38,0,2363626
888.65,3063.94,0,2494572
889.45,3053.47,0,2625638
871.73,3080.05,0,2756520
889.45,3059.11,0,2887626
892.68,3047.83,0,3025092
924.9,3170.29,0,3155627
870.12,3080.05,0,3286623
858.03,3086.5,0,3417513
874.15,3067.16,0,3548634
870.92,3055.88,0,3687694
876.56,3060.72,0,3818622
876.56,3067.16,0,3949650
876.56,3073.61,0,4080623
876.56,3080.05,0,4211626
870.92,3084.89,0,4342623
874.15,3067.16,0,4473638
866.89,3054.27,0,4604604
864.48,3055.88,0,4735596
863.67,3059.11,0,4876327
877.37,3034.94,0,5006566
876.56,3055.88,0,5137604
866.09,3057.5,0,5268566
874.95,3080.05,0,5406151
876.56,3065.55,0,5536626
870.92,3072.8,0,5667581
872.53,3055.88,0,5798626
881.4,3055.88,0,5929646
876.56,3047.83,0,6060626
873.34,3060.72,0,6191634
878.17,3060.72,0,6322626
885.42,3057.5,0,6453635
878.98,3028.49,0,6584566
877.37,3052.66,0,6715635
869.31,3054.27,0,6846565
881.4,3060.72,0,6977572
895.09,3051.05,0,7108626
887.04,3054.27,0,7239634
881.4,3030.91,0,7377353
876.56,3054.27,0,7507592
879.79,3054.27,0,7645060
883.81,3063.94,2,7775583
864.48,3063.94,2,7906515
880.59,3047.83,2,8037563
884.62,2989.82,2,8168586
858.84,2983.37,2,8299582
857.23,2944.7,2,8430567
858.84,2954.37,2,8561563
858.03,2952.76,2,8700492
854,2964.04,2,8831511
865.28,2996.26,2,8962514
865.28,3009.16,2,9093511
878.98,2975.32,2,9224514
871.73,3012.38,2,9355574
870.92,3004.32,2,9486577
876.56,3002.71,2,9617511
878.98,2989.82,2,9748514
889.45,2978.54,2,9879533
883.01,2973.71,2,10016993
881.4,2951.15,2,10147522
885.42,2970.48,2,10278524
878.98,2980.15,0,10409582
879.79,2989.82,0,10540577
889.45,3022.05,0,10671533
931.35,3054.27,0,10802597
899.93,3047.83,0,10933533
922.49,3028.49,0,11064598
930.54,3034.94,0,11195582
916.85,3031.71,0,11326597
906.37,3054.27,0,11457582
915.23,3041.38,0,11588524
908.79,3040.58,0,11719511
889.45,3059.91,0,11850524
902.34,3067.16,0,11981533
889.45,3070.39,0,12112557
897.51,3056.69,0,12250047
895.9,3054.27,0,12380577
894.29,3034.94,0,12511533
892.68,3044.6,0,12642514
897.51,3026.88,0,12773511
895.09,3047.83,0,12904514
886.23,3041.38,1,13035563
887.04,3067.16,1,13166567
889.45,3063.94,1,13297511
892.68,3057.5,1,13428567
893.48,3047.83,1,13559511
894.29,3031.71,1,13690515
889.45,3025.27,1,13821533
894.29,3030.1,1,13952514
899.12,3038.16,1,14090863
889.45,3039.77,1,14221567
878.98,3039.77,1,14352564
892.68,3028.49,1,14489959
895.9,3034.94,1,14620582
891.87,3047.83,1,14751524
891.06,3025.27,1,14882573
888.65,3046.22,1,15013537
900.73,3015.6,1,15144583
882.2,3047.83,1,15275577
889.45,3028.49,1,15416349
891.06,3031.71,1,15546524
891.06,3020.43,0,15677563
898.32,3001.9,0,15808547
881.4,3051.05,0,15939635
889.45,3076.83,0,16070639
893.48,3072,0,16201636
894.29,3067.16,0,16332524
890.26,3092.94,0,16463563
893.48,3073.61,0,16594537
900.73,3060.72,0,16731989
891.06,3063.94,0,16862586
892.68,3059.11,0,16993563
893.48,3067.16,0,17131492
887.04,3073.61,0,17262563
883.01,3080.05,0,17393537
902.34,3067.16,0,17524563
876.56,3083.28,0,17655628
887.04,3080.05,0,17786624
876.56,3084.89,0,17917567
891.87,3067.16,0,18048563
884.62,3072,0,18179577
887.84,3076.83,1,18310582
887.84,3076.83,1,18441628
876.56,3067.16,1,18572574
890.26,3067.16,1,18703567
891.06,3041.38,1,18842463
886.23,3004.32,1,18980050
899.12,3051.05,1,19110573
889.45,3030.91,1,19241567
886.23,3063.94,1,19372636
880.59,3022.05,1,19503577
874.95,3041.38,1,19634635
878.98,3047.83,1,19765577
873.34,3015.6,1,19896636
879.79,3015.6,1,20027546
886.23,3041.38,1,20158635
885.42,3028.49,1,20289524
876.56,3014.79,1,20420574
867.7,3005.93,1,20551567
876.56,3020.43,1,20682593
866.89,2989.82,1,20813514
880.59,3015.6,2,20944593
878.17,3026.88,2,21075524
876.56,3004.32,2,21213046
821.78,2957.59,2,21343576
836.28,2970.48,2,21474520
852.39,2970.48,2,21605566
854,2970.48,2,21736498
858.03,2926.98,2,21866536
839.5,2954.37,2,21997520
850.78,2938.26,2,22128513
853.2,2928.59,2,22259509
854.81,2938.26,2,22390545
852.39,2938.26,2,22521510
855.62,2960.82,2,22652566
860.45,2954.37,2,22783562
863.67,2957.59,2,22914566
876.56,2970.48,2,23045562
873.34,2951.15,2,23176566
868.51,2947.92,2,23307532
868.51,2964.04,2,23445003
876.56,2928.59,0,23575572
867.7,2947.92,0,23706566
876.56,2996.26,0,23837562
890.26,2996.26,0,23968523
900.73,3022.05,0,24099572
894.29,3031.71,0,24230513
892.68,3047.83,0,24361572
901.54,3031.71,0,24500808
949.07,3057.5,0,24631634
897.51,3028.49,0,24762638
902.34,3039.77,0,24893572
894.29,3034.94,0,25024566
889.45,3041.38,0,25155573
894.29,3031.71,0,25286566
897.51,3051.05,0,25417573
906.37,3057.5,0,25548596
900.73,3047.83,0,25679592
895.09,3047.83,0,25860442
894.29,3054.27,0,25995504
892.68,3031.71,0,26136382
889.45,3057.5,2,26266606
896.7,3054.27,2,26397605
889.45,3067.16,2,26528625
863.67,2977.73,2,26659624
889.45,2969.68,2,26790606
854.81,2964.04,2,26921605
860.45,2954.37,2,27052606
863.67,2954.37,2,27183605
864.48,2941.48,2,27314606
863.67,2956.79,2,27445624
863.67,2960.82,2,27576625
863.67,2954.37,2,27707605
863.67,2964.04,2,27838606
865.28,2967.26,2,27969605
864.48,2957.59,2,28107175
866.89,2973.71,2,28237605
865.28,2976.93,2,28368595
876.56,2983.37,2,28499605
872.53,2989.82,2,28630595
877.37,2978.54,2,28761605
873.34,2973.71,1,28892595
893.48,2964.04,1,29023606
941.02,3051.05,1,29154595
907.18,3014.79,1,29285605
902.34,3034.13,1,29416595
889.45,3047.83,1,29547605
903.15,3028.49,1,29678595
902.34,3022.05,1,29809605
896.7,3034.94,1,29940595
899.93,3041.38,1,30071605
896.7,3041.38,1,30202595
897.51,3034.94,1,30347396
889.45,3034.94,1,30477606
897.51,3022.05,1,30608624
889.45,3028.49,1,30739625
889.45,3041.38,1,30870624
894.29,3060.72,1,31001637
893.48,3034.94,1,31132624
897.51,3054.27,1,31263606
912.01,3033.33,1,31394624
902.34,3031.71,0,31525606
913.62,3047.02,0,31656624
891.87,3051.05,0,31787606
889.45,3067.16,0,31918624
876.56,3047.83,0,32049625
877.37,3047.83,0,32180624
876.56,3039.77,0,32311606
883.81,3055.88,0,32442624
884.62,3054.27,0,32580139
886.23,3067.16,0,32710605
878.98,3060.72,0,32841595
881.4,3060.72,0,32972605
887.84,3041.38,0,33103606
876.56,3052.66,0,33234605
889.45,3012.38,0,33365595
890.26,3041.38,0,33496605
876.56,3030.1,0,33627595
894.29,3054.27,0,33758605
886.23,3041.38,0,33889595
896.7,3054.27,0,34020605
936.18,3157.4,1,34151606
889.45,3073.61,1,34282606
880.59,3047.02,1,34413595
871.73,3063.94,1,34544605
887.04,3060.72,1,34675595
889.45,3047.83,1,34813151
899.12,3041.38,1,34943625
891.06,3054.27,1,35074624
884.62,3053.47,1,35205637
889.45,3046.22,1,35344183
891.87,3041.38,1,35474625
878.17,3028.49,1,35605624
879.79,3034.94,1,35742808
878.17,3022.05,1,35873624
876.56,3047.02,1,36004625
878.98,3034.94,1,36135624
873.34,3039.77,1,36266637
884.62,3030.1,1,36397624
876.56,3041.38,1,36528625
871.73,3041.38,1,36668498
,,,
start,,,
right,left,lighting led pin,
892.68,3133.23,0,0
889.45,3092.94,0,233
883.81,3080.05,0,131130
876.56,3063.94,0,262100
863.67,3086.5,0,393108
863.67,3057.5,0,524100
871.73,3041.38,0,655108
865.28,3041.38,0,786100
879.79,3038.16,0,917108
882.2,3030.1,0,1048100
880.59,2986.6,0,1179107
876.56,2964.04,0,1310100
887.84,2917.31,0,1441107
866.89,3002.71,0,1572100
873.34,2964.04,0,1703108
876.56,2957.59,0,1834100
855.62,2983.37,0,1965108
876.56,2968.87,0,2096100
866.89,2989.82,0,2227108
885.42,2976.93,0,2364644
876.56,2996.26,0,2495127
870.12,2989.82,0,2626130
865.28,2944.7,0,2757126
876.56,2978.54,0,2888130
867.7,2964.04,0,3019127
852.39,2970.48,0,3150111
862.06,2938.26,0,3289126
857.23,2951.15,0,3420130
856.42,2944.7,0,3551127
858.84,2951.15,0,3682111
866.89,2951.15,0,3813126
858.84,2956.79,0,3944111
863.67,2950.34,0,4075127
858.84,2951.15,0,4206130
863.67,2947.92,0,4337126
867.7,2952.76,0,4468142
858.03,2941.48,0,4605655
876.56,2931.81,0,4736100
876.56,2964.04,0,4867108
872.53,2938.26,0,4998111
871.73,2960.82,0,5129108
888.65,2982.57,0,5260100
894.29,2989.82,0,5391108
889.45,2976.12,0,5522100
884.62,2976.93,0,5653126
887.04,2981.76,0,5784100
889.45,2964.04,0,5915108
887.04,2976.93,0,6046100
879.79,2983.37,0,6177108
880.59,2962.43,0,6308100
889.45,2968.87,0,6439108
889.45,2970.48,0,6570100
878.17,2989.82,0,6701108
889.45,2986.6,0,6832100
893.48,2976.93,0,6969641
890.26,2954.37,0,7100130
890.26,2967.26,0,7231126
889.45,2970.48,0,7362130
888.65,2986.6,0,7493138
891.06,2970.48,0,7624130
884.62,2980.15,2,7755126
891.06,2989.82,2,7886131
915.23,3002.71,2,8017126
864.48,2925.37,2,8148111
863.67,2880.25,2,8279127
861.25,2877.03,2,8418099
850.78,2886.69,2,8549138
863.67,2906.03,2,8680111
858.84,2880.25,2,8811126
863.67,2877.03,2,8942130
841.92,2883.47,2,9073127
847.56,2860.91,2,9211165
858.84,2886.69,2,9348655
861.25,2877.03,2,9479100
881.4,2912.48,2,9610108
883.01,2886.69,2,9741111
892.68,2880.25,2,9872126
894.29,2886.69,2,10003100
889.45,2886.69,2,10143777
882.2,2886.69,2,10274100
887.84,2877.03,0,10405108
880.59,2867.36,0,10536100
877.37,2902.81,0,10667108
879.79,2989.82,0,10798100
918.46,2970.48,0,10929138
925.71,2976.93,0,11060100
911.21,2996.26,0,11191127
913.62,2983.37,0,11322100
915.23,2983.37,0,11453108
907.18,2983.37,0,11590644
899.93,2964.04,0,11721126
903.96,2989.82,0,11852111
902.34,2989.82,0,11983127
907.18,2970.48,0,12114111
903.15,2978.54,0,12245127
899.93,2989.82,0,12376111
912.82,2970.48,0,12507126
894.29,3002.71,0,12638111
897.51,2980.15,0,12769126
908.79,3009.16,0,12900130
895.09,3005.93,1,13031126
895.09,2981.76,1,13162130
889.45,2952.76,1,13293126
891.06,2944.7,1,13432141
889.45,2952.76,1,13563126
884.62,2951.15,1,13694111
891.87,2955.98,1,13831655
895.9,2964.04,1,13962100
902.34,2947.92,1,14093107
902.34,2989.82,1,14224100
896.7,2983.37,1,14355107
897.51,2970.48,1,14486100
905.57,2973.71,1,14617108
884.62,2989.82,1,14748100
886.23,2955.98,1,14879126
880.59,2979.35,1,15010100
878.98,2981.76,1,15141108
881.4,2976.93,1,15272130
878.98,2982.57,1,15403107
880.59,2986.6,1,15534100
884.62,2986.6,0,15665126
880.59,2978.54,0,15796100
873.34,2989.82,0,15927108
876.56,3012.38,0,16064644
884.62,3002.71,0,16195126
889.45,3002.71,0,16326130
881.4,2996.26,0,16457127
885.42,2978.54,0,16588111
889.45,3028.49,0,16719126
897.51,3015.6,0,16850111
891.06,3015.6,0,16981127
897.51,3002.71,0,17112111
878.17,3015.6,0,17243126
883.81,2996.26,0,17374130
881.4,3015.6,0,17505138
887.84,3002.71,0,17636130
886.23,3002.71,0,17767126
881.4,3031.71,0,17898111
885.42,3015.6,0,18029126
889.45,3003.52,0,18160111
887.84,3018.82,1,18297655
881.4,3022.05,1,18428100
884.62,3009.16,1,18567126
897.51,2976.93,1,18698100
895.9,2989.82,1,18829108
905.57,2989.82,1,18960111
898.32,2986.6,1,19091108
889.45,2989.82,1,19222100
891.06,2996.26,1,19353108
883.01,3002.71,1,19484100
889.45,2989.82,1,19621286
887.84,3009.16,1,19752100
889.45,3002.71,1,19883138
887.84,3005.93,1,20014100
873.34,3009.16,1,20145108
887.84,2996.26,1,20276100
889.45,3015.6,1,20407108
887.84,2989.82,1,20544644
887.84,3004.32,1,20684931
892.68,3005.93,1,20815111
891.06,3015.6,2,20946138
884.62,3025.27,2,21077111
876.56,3004.32,2,21208127
867.7,2954.37,2,21339111
863.67,2952.76,2,21470126
866.89,2938.26,2,21601111
858.84,2923.75,2,21732127
858.03,2938.26,2,21863130
843.53,2931.81,2,21994126
847.56,2918.92,2,22125142
851.59,2941.48,2,22256126
862.06,2944.7,2,22387111
859.64,2944.7,2,22518126
858.03,2957.59,2,22649130
854,2938.26,2,22786676
851.59,2951.15,2,22917100
859.64,2938.26,2,23048108
863.67,2944.7,2,23179100
866.09,2950.34,2,23310108
870.92,2951.15,2,23441100
876.56,2925.37,0,23580150
867.7,2922.14,0,23711100
902.34,2954.37,0,23842108
881.4,2989.82,0,23973100
889.45,2989.82,0,24104108
889.45,3015.6,0,24235111
895.9,3015.6,0,24366108
896.7,3013.99,0,24497111
899.93,3018.82,0,24628108
897.51,3041.38,0,24759100
889.45,3033.33,0,24890108
902.34,3020.43,0,25049632
896.7,3004.32,0,25190144
896.7,3015.6,0,25325110
900.73,3028.49,0,25460129
892.68,3034.94,0,25595129
892.68,3041.38,0,25730130
891.06,3054.27,0,25865110
899.93,3031.71,0,26000130
891.06,3039.77,0,26135110
902.34,3015.6,2,26270130
902.34,3005.93,2,26405129
899.12,3018.82,2,26540130
871.73,2952.76,2,26675129
858.03,2931.81,2,26810130
854,2935.03,2,26945110
860.45,2935.03,2,27080130
851.59,2930.2,2,27215110
864.48,2928.59,2,27350130
859.64,2928.59,2,27491643
868.51,2922.14,2,27627111
865.28,2931.81,2,27762129
842.72,2935.03,2,27897111
863.67,2909.25,2,28032099
861.25,2928.59,2,28167111
851.59,2931.81,2,28302110
871.73,2951.15,2,28437111
871.73,2960.82,2,28572110
859.64,2968.87,2,28707111
858.84,2957.59,2,28850068
872.53,2964.04,1,28985111
878.17,2952.76,1,29120129
892.68,2951.15,1,29255111
889.45,3009.16,1,29390129
902.34,3005.93,1,29525111
903.15,3002.71,1,29660098
909.59,3004.32,1,29801657
915.23,3002.71,1,29937110
902.34,3015.6,1,30072130
916.85,3041.38,1,30213312
916.85,3005.93,1,30348142
903.15,3022.05,1,30483129
897.51,3025.27,1,30618142
902.34,3031.71,1,30753110
900.73,3033.33,1,30888142
891.87,3012.38,1,31023140
900.73,3015.6,1,31158142
891.87,3020.43,1,31293129
907.18,3027.69,1,31437186
889.45,3015.6,1,31572129
899.93,3030.1,0,31707141
895.09,3009.16,0,31842110
905.57,3033.33,0,31977142
886.23,3065.55,0,32118667
896.7,3054.27,0,32254111
889.45,3060.72,0,32389099
889.45,3031.71,0,32524111
894.29,3047.83,0,32659110
889.45,3057.5,0,32794111
889.45,3026.88,0,32929129
889.45,3009.16,0,33064111
886.23,3034.94,0,33199110
889.45,3025.27,0,33334111
889.45,3025.27,0,33469110
877.37,3054.27,0,33604112
881.4,3057.5,0,33739110
889.45,3044.6,0,33874111
879.79,3065.55,0,34016220
887.04,3060.72,0,34151111
889.45,3060.72,0,34286110
886.23,3060.72,1,34427644
884.62,3056.69,1,34563111
883.81,3034.94,1,34698130
889.45,3080.05,1,34833129
876.56,3083.28,1,34968130
876.56,3047.83,1,35103129
877.37,3047.83,1,35238130
864.48,3054.27,1,35373129
883.01,3054.27,1,35508130
876.56,3034.94,1,35643140
880.59,3002.71,1,35778130
881.4,3031.71,1,35913141
889.45,3005.93,1,36048130
889.45,3012.38,1,36183141
879.79,3025.27,1,36318130
878.17,3005.93,1,36453110
874.95,3012.38,1,36588130
886.23,3031.71,1,36729656
878.98,3020.43,1,36865111
880.59,3002.71,1,37000110
,,,
start,,,
right,left,lighting led pin,
876.56,3099.39,0,0
876.56,3105.83,0,233
870.12,3086.5,0,136029
873.34,3112.28,0,271041
903.15,3144.51,0,406026
887.04,3067.16,0,541041
865.28,3060.72,0,676026
867.7,3055.88,0,811041
857.23,3067.16,0,946026
858.84,3041.38,0,1081041
858.84,2996.26,0,1216026
852.39,2989.82,0,1351041
851.59,3002.71,0,1486037
844.34,2996.26,0,1621041
858.03,2976.93,0,1769862
855.62,2983.37,0,1905059
865.28,2980.15,0,2040038
864.48,2980.15,0,2175060
907.18,3004.32,0,2310037
857.23,2962.43,0,2445060
844.34,2964.04,0,2580037
863.67,2960.82,0,2715060
863.67,2953.56,0,2850037
865.28,2964.04,0,2985060
868.51,2947.92,0,3120037
866.89,2950.34,0,3255060
864.48,2954.37,0,3390068
863.67,2973.71,0,3525060
868.51,2957.59,0,3667135
876.56,2976.93,0,3802059
865.28,2975.32,0,3937037
910.4,2867.36,0,4078574
886.23,2928.59,0,4214026
874.15,2983.37,0,4349041
864.48,2980.15,0,4484056
873.34,2964.04,0,4619041
881.4,2957.59,0,4754026
876.56,2960.82,0,4898808
880.59,2944.7,0,5034026
870.92,2964.04,0,5169041
878.17,2964.04,0,5304026
883.81,2926.98,0,5439041
881.4,2928.59,0,5574026
890.26,2931.81,0,5709040
870.12,2957.59,0,5844026
876.56,2954.37,0,5979041
868.51,2938.26,0,6114026
884.62,2944.7,0,6249041
887.04,2935.03,0,6384026
876.56,2949.54,0,6525573
863.67,2951.15,0,6661037
889.45,2952.76,0,6796071
878.98,2964.04,0,6939037
886.23,2968.87,0,7074071
886.23,2951.15,0,7209037
880.59,2970.48,0,7344071
885.42,2970.48,0,7479037
889.45,2938.26,0,7614071
877.37,2938.26,0,7749038
881.4,2967.26,0,7884083
889.45,2983.37,2,8019037
885.42,2970.48,2,8154072
899.93,2988.21,2,8289037
874.15,2925.37,2,8424072
874.95,2931.81,2,8559037
871.73,2906.03,2,8694060
846.75,2880.25,2,8829056
842.72,2851.25,2,8970600
844.34,2835.13,2,9106026
869.31,2819.02,2,9241041
866.89,2844.8,2,9376037
874.15,2867.36,2,9511041
870.12,2873,2,9646026
845.14,2875.42,2,9781041
839.5,2873.8,2,9916026
845.14,2873.8,2,10051040
851.59,2865.75,2,10186026
862.06,2877.03,2,10321060
863.67,2873.8,2,10456025
852.39,2867.36,2,10591041
863.67,2857.69,0,10726026
864.48,2851.25,0,10861060
855.62,2912.48,0,10996026
892.68,2906.03,0,11131041
897.51,2931.81,0,11272570
889.45,2960.82,0,11408060
903.96,2957.59,0,11543037
902.34,2989.82,0,11678072
918.46,2964.04,0,11813037
907.98,2970.48,0,11948071
894.29,2986.6,0,12083037
894.29,2996.26,0,12226071
894.29,2996.26,0,12361038
896.7,2980.15,0,12496060
893.48,2964.04,0,12631037
894.29,3002.71,0,12766060
889.45,3004.32,0,12901037
896.7,3005.93,0,13036072
903.96,3007.54,0,13171068
910.4,3009.16,0,13306071
912.82,3015.6,1,13441037
910.4,3021.24,1,13582590
908.79,2977.73,1,13718026
902.34,2989.82,1,13853041
902.34,2964.04,1,13988026
894.29,2986.6,1,14123041
907.18,2980.15,1,14258026
900.73,2983.37,1,14399277
903.96,2970.48,1,14534026
907.18,2983.37,1,14669060
908.79,2964.04,1,14804026
903.15,3009.16,1,14939060
884.62,3004.32,1,15074026
894.29,3002.71,1,15209041
889.45,3005.93,1,15344026
889.45,3005.93,1,15479106
889.45,2996.26,1,15614026
895.09,2980.15,1,15757968
894.29,2996.26,1,15899570
894.29,2996.26,1,16034946
891.06,2989.82,0,16170114
895.09,2989.82,0,16305151
896.7,3005.93,0,16440170
889.45,3028.49,0,16575151
902.34,3022.05,0,16710113
889.45,3009.16,0,16845071
876.56,3027.69,0,16980037
883.81,3015.6,0,17115059
895.9,3005.13,0,17250056
887.04,3015.6,0,17393070
884.62,3002.71,0,17528037
883.01,2989.82,0,17663071
878.17,3005.93,0,17798056
887.04,3009.16,0,17933071
887.84,3022.05,0,18068056
889.45,3022.05,0,18209587
886.23,2999.49,0,18345026
891.06,2989.82,0,18480060
886.23,3012.38,0,18615026
876.56,3022.05,0,18750060
878.98,3013.99,1,18885037
878.17,3025.27,1,19020083
879.79,2996.26,1,19155038
896.7,3004.32,1,19290041
889.45,2996.26,1,19425025
936.18,3047.83,1,19560060
902.34,2973.71,1,19695026
890.26,2976.93,1,19830059
889.45,2999.49,1,19965026
891.87,2989.82,1,20100060
879.79,3001.9,1,20235037
876.56,2983.37,1,20370041
884.62,2989.82,1,20511570
880.59,3002.71,1,20647072
884.62,3001.1,1,20782037
884.62,2976.93,1,20917071
889.45,2976.93,1,21052037
885.42,2976.93,1,21187072
889.45,2989.82,1,21322037
886.23,2988.21,1,21457071
885.42,2996.26,2,21592037
889.45,2978.54,2,21727072
878.17,2993.04,2,21862037
848.36,2918.92,2,21997071
847.56,2925.37,2,22132037
845.95,2928.59,2,22267071
837.89,2951.15,2,22402037
854,2886.69,2,22537071
863.67,2918.92,2,22680036
858.84,2912.48,2,22821611
845.95,2941.48,2,22957038
860.45,2918.92,2,23092041
856.42,2918.92,2,23227038
861.25,2925.37,2,23362041
863.67,2918.92,2,23497056
863.67,2925.37,2,23632041
867.7,2918.92,2,23767026
864.48,2918.92,2,23902041
863.67,2918.92,2,24037026
871.73,2915.7,2,24172041
867.7,2918.92,0,24307037
871.73,2912.48,0,24442041
876.56,3025.27,0,24577026
891.06,2983.37,0,24712041
904.76,3005.93,0,24847026
899.12,3009.16,0,24982041
896.7,3022.05,0,25148783
903.96,3002.71,0,25289072
907.98,3018.82,0,25424036
959.55,3073.61,0,25559070
899.93,2989.01,0,25694036
898.32,3020.43,0,25829058
889.45,3030.1,0,25964036
908.79,3028.49,0,26099058
912.82,3025.27,0,26234055
895.9,3041.38,0,26369070
902.34,3028.49,0,26504036
889.45,3031.71,0,26648944
894.29,3055.88,0,26784036
895.9,3025.27,0,26919082
910.4,3046.22,2,27054036
889.45,3041.38,2,27189071
893.48,3009.16,2,27324036
880.59,2964.04,2,27465585
864.48,2925.37,2,27601024
848.36,2936.65,2,27736059
863.67,2938.26,2,27879067
836.28,2949.54,2,28014059
847.56,2944.7,2,28149055
866.09,2925.37,2,28284040
857.23,2951.15,2,28419024
859.64,2918.92,2,28554070
868.51,2925.37,2,28689025
863.67,2953.56,2,28824058
876.56,2957.59,2,28959055
868.51,2941.48,2,29094058
878.98,2943.9,2,29229067
870.12,2926.98,2,29364058
877.37,2938.26,2,29499036
867.7,2931.81,2,29634070
870.92,2918.92,1,29775569
868.51,2944.7,1,29911094
891.06,2960.82,1,30046055
920.07,2960.82,1,30181070
922.49,2970.48,1,30316036
909.59,3002.71,1,30451070
899.12,3002.71,1,30586036
889.45,2989.82,1,30721082
889.45,2989.82,1,30856036
905.57,2989.82,1,30991070
899.12,2964.04,1,31126036
895.9,2989.82,1,31261070
902.34,2981.76,1,31396036
892.68,2970.48,1,31531070
889.45,2978.54,1,31666067
903.15,2999.49,1,31801070
895.9,2983.37,1,31936036
899.12,2968.87,1,32071070
889.45,2983.37,1,32212595
892.68,2989.82,1,32348058
890.26,2970.48,0,32483036
889.45,2981.76,0,32618059
880.59,3015.6,0,32753055
889.45,3018.82,0,32888040
912.01,3009.16,0,33023055
881.4,3002.71,0,33165264
874.95,3012.38,0,33300055
884.62,2983.37,0,33435058
878.17,3002.71,0,33570055
882.2,3005.93,0,33705070
884.62,3014.79,0,33840036
884.62,3018.82,0,33975040
878.98,3020.43,0,34110025
883.01,3021.24,0,34245058
887.84,3007.54,0,34380055
889.45,3033.33,0,34521611
887.84,3034.94,0,34657055
878.17,3047.83,0,34792070
894.29,3034.94,0,34927055
897.51,3018.82,0,35062070
899.93,3015.6,1,35197055
897.51,3028.49,1,35332070
894.29,3012.38,1,35467067
887.04,3005.13,1,35602058
889.45,2978.54,1,35737055
887.84,2983.37,1,35879775
889.45,3002.71,1,36015055
887.04,2973.71,1,36150058
889.45,3007.54,1,36285078
883.01,3002.71,1,36420070
883.81,3004.32,1,36555036
882.2,3002.71,1,36690070
880.59,3002.71,1,36831595
878.17,3015.6,1,36967070
876.56,3015.6,1,37102025
876.56,3009.16,1,37237070
878.98,3025.27,1,37372025
881.4,3009.16,1,37516816
883.01,3015.6,1,37652025
889.45,2996.26,1,37787058